Name,Mastodon profile,Web,Country,Language,Other links,Information,Mastodon profile creation date,Keywords,CATEGORY_EN,CATEGORY_ES,FILEPATH,FILENAME
ABWC Research Group ,https://mstdn.science/@ABWC,https://www.wlv.ac.uk/research/institutes-and-centres/rihs---research-institute-in-healthcare-science/animal-behaviour-and-wildlife-conservation-/,United Kingdom,English,-,-,21/11/2022,-,Scientific research groups,Grupos de investigación científica,united_kingdom/SCI_RESEARCH_GROUPS.csv,SCI_RESEARCH_GROUPS
Acoustical Society of America ,https://fediscience.org/@AcousticalSocietyofAmerica,https://acousticalsociety.org/,USA,English,-,-,07/11/2022	,-,"Scientific institutes, societies and journals","Institutos, sociedades y revistas científicas",united_states_of_america/SCI_INSTITUTES_JOURNALS_SOCIETIES.csv,SCI_INSTITUTES_JOURNALS_SOCIETIES
ADS_Bund,https://social.bund.de/@antidiskriminierung,https://www.antidiskriminierungsstelle.de/,Germany,German,-,-,01/11/2022,-,Institutions,Instituciones,germany/INSTITUTIONS.csv,INSTITUTIONS
Afallen,https://toot.wales/@afallen,https://afallen.cymru/,United Kingdom,English,-,-,2/3/2019,-,Non profit organizations / Non Governmental Organizations,Organizaciones sin ánimo de lucro / Organizaciones no gubernamentales,united_kingdom/NPO_NGO.csv,NPO_NGO
Alba Precedo,https://mastodon.world/@AlbaPrecedo,https://www.infolibre.es/autores/alba-precedo/,Spain,Spanish,-,-,20/11/2022,-,Journalists,Periodistas,spain/JOURNALISTS.csv,JOURNALISTS
Amsterdam Law School - UvA,https://mastodon.social/@amsterdamlawschool,https://www.uva.nl/law,Netherlands,Dutch,-,-,30/10/2022,-,Universities,Universidades,netherlands/UNIVERSITIES.csv,UNIVERSITIES
Anacleto Panceto,https://mastodon.social/@Xuxipc,https://www.instagram.com/xuxipc/,Spain,Spanish,-,-,06/07/2018,-,Comedians,Humoristas,spain/COMEDIANS.csv,COMEDIANS
Antonio Maestre,https://mastodon.social/@_antoniomaestre_/,https://es.wikipedia.org/wiki/Antonio_Maestre,Spain,Spanish,-,-,29/12/2019,-,Journalists,Periodistas,spain/JOURNALISTS.csv,JOURNALISTS
Arch Linux,https://pokemon.men/@archlinux,https://archlinux.org/,Global,English,-,Bot,06/05/2019,-,Software,Software,global/SOFTWARE.csv,SOFTWARE
ARGIA,https://mastodon.eus/@argia,https://www.argia.eus/,Spain,Euskera,-,-,31/10/2018,-,Media,Medios de comunicación,spain/MEDIA.csv,MEDIA
Australian Maths Society ,https://mathstodon.xyz/@AustMS,https://austms.org.au/,Australia,English,-,-,14/11/2022	,-,"Scientific institutes, societies and journals","Institutos, sociedades y revistas científicas",australia/SCI_INSTITUTES_JOURNALS_SOCIETIES.csv,SCI_INSTITUTES_JOURNALS_SOCIETIES
Auswärtiges Amt,https://social.bund.de/@AuswaertigesAmt,https://www.auswaertiges-amt.de/de/,Germany,German,-,-,01/10/2022,-,Institutions,Instituciones,germany/INSTITUTIONS.csv,INSTITUTIONS
BAM Materialforschung,https://social.bund.de/@BAMResearch,http://bam.de/,Germany,German,-,-,01/11/2022,-,Institutions,Instituciones,germany/INSTITUTIONS.csv,INSTITUTIONS
BAMF_Bund,https://social.bund.de/@bamf,https://www.bamf.de/,Germany,German,-,-,01/11/2022,-,Institutions,Instituciones,germany/INSTITUTIONS.csv,INSTITUTIONS
Barcelona en Comú,https://mastodon.world/@bcnencomu,https://barcelonaencomu.cat/,Spain,Spanish / Catalan,https://t.me/bcnencomu,-,18/11/2022,-,Policy,Política,spain/POLICY.csv,POLICY
BASE,https://social.bund.de/@base,https://www.base.bund.de/DE/home/home_node.html,Germany,German,-,-,01/11/2022,-,Institutions,Instituciones,germany/INSTITUTIONS.csv,INSTITUTIONS
BayLfD,https://social.bund.de/@BayLfD,https://www.datenschutz-bayern.de/,Germany,German,-,-,01/04/2022,-,Institutions,Instituciones,germany/INSTITUTIONS.csv,INSTITUTIONS
Bernardo Vergara,https://mas.to/@bernardovergara,https://www.eldiario.es/autores/bernardo_vergara/,Spain,Spanish,-,-,11/11/2022,-,Cartoonists / Illustrators,Dibujantes / Viñetistas / Ilustradores,spain/CARTOONISTS.csv,CARTOONISTS
BfDI,https://social.bund.de/@bfdi,https://www.bfdi.bund.de/,Germany,German,-,-,01/04/2020,-,Institutions,Instituciones,germany/INSTITUTIONS.csv,INSTITUTIONS
BfR,https://social.bund.de/@bfr,https://www.bfr.bund.de/de/start.html,Germany,German,-,-,01/08/2022,-,Institutions,Instituciones,germany/INSTITUTIONS.csv,INSTITUTIONS
BKG,https://social.bund.de/@BKG,https://www.bkg.bund.de/DE/Home/home.html,Germany,German,-,-,01/11/2022,-,Institutions,Instituciones,germany/INSTITUTIONS.csv,INSTITUTIONS
Blender,https://mastodon.social/@Blender,https://www.blender.org/,Global,English,-,-,14/02/2018,-,Software,Software,global/SOFTWARE.csv,SOFTWARE
BlnBDI,https://social.bund.de/@BlnBDI,https://www.datenschutz-berlin.de/,Germany,German,-,-,01/08/2022,-,Institutions,Instituciones,germany/INSTITUTIONS.csv,INSTITUTIONS
BMBF_bund,https://social.bund.de/@bmbf_bund,http://www.bmbf.de/,Germany,German,-,-,01/03/2022,-,Institutions,Instituciones,germany/INSTITUTIONS.csv,INSTITUTIONS
BMDV,https://social.bund.de/@bmdv,https://bmdv.bund.de/DE/Home/home.html,Germany,German,-,-,01/11/2022,-,Institutions,Instituciones,germany/INSTITUTIONS.csv,INSTITUTIONS
BMI_Bund,https://social.bund.de/@bmi,https://bmi.bund.de/,Germany,German,-,-,01/10/2022,-,Institutions,Instituciones,germany/INSTITUTIONS.csv,INSTITUTIONS
Bob Pop,https://universeodon.com/@BobPoP,https://es.wikipedia.org/wiki/Bob_Pop,Spain,Spanish,-,-,08/11/2022,-,Writers,Escritorxs,spain/WRITERS.csv,WRITERS
Borja Ventura,https://newsie.social/@borjaventura,http://www.borjaventura.com/,Spain,Spanish,-,-,11/11/2022,-,Journalists,Periodistas,spain/JOURNALISTS.csv,JOURNALISTS
BSI,https://social.bund.de/@bsi,https://bsi.bund.de/,Germany,German,-,-,01/03/2021,-,Institutions,Instituciones,germany/INSTITUTIONS.csv,INSTITUTIONS
Bundesamt für Strahlenschutz,https://social.bund.de/@strahlenschutz,https://www.bfs.de/DE/home/home_node.html,Germany,German,-,-,01/05/2022,-,Institutions,Instituciones,germany/INSTITUTIONS.csv,INSTITUTIONS
Bundesbauministerium,https://social.bund.de/@BMWSB_Bund,https://bmwsb.bund.de/,Germany,German,-,-,01/10/2022,-,Institutions,Instituciones,germany/INSTITUTIONS.csv,INSTITUTIONS
Bundespresseamt,https://social.bund.de/@Bundespresseamt,https://www.bundesregierung.de/breg-de/bundesregierung/bundeskanzleramt/bundespresseamt,Germany,German,-,-,01/02/2022,-,Institutions,Instituciones,germany/INSTITUTIONS.csv,INSTITUTIONS
Bundeszentrale f. pol. Bildung,https://social.bund.de/@bpb,https://www.bpb.de/,Germany,German,-,-,01/11/2022,-,Institutions,Instituciones,germany/INSTITUTIONS.csv,INSTITUTIONS
BVL_Bund,https://social.bund.de/@BVL_Bund,https://www.bvl.bund.de/DE/Home/home_node.html,Germany,German,-,-,01/09/2022,-,Institutions,Instituciones,germany/INSTITUTIONS.csv,INSTITUTIONS
Cardiff Civic Society,https://toot.wales/@CardiffCivicSoc,https://www.cardiffcivicsociety.org/,United Kingdom,English,-,-,19/11/2022,-,Non profit organizations / Non Governmental Organizations,Organizaciones sin ánimo de lucro / Organizaciones no gubernamentales,united_kingdom/NPO_NGO.csv,NPO_NGO
Carlos Cala Barroso,https://masto.es/@carloscalab,https://cadenaser.com/autor/carlos_cala_barroso/a/,Spain,Spanish,-,-,23/11/2022,-,Journalists,Periodistas,spain/JOURNALISTS.csv,JOURNALISTS
Carlos Pimentel,https://fediscience.org/@doclomieu,https://cpimentelguerra.com/,Spain,Spanish,https://www.researchgate.net/profile/Carlos-Pimentel-5,Geologist,12/05/2022,-,Researchers,Investigadorxs,spain/RESEARCHERS.csv,RESEARCHERS
Cartoonists Rights (CRNI),https://newsie.social/@cartoonistsrights,https://cartoonistsrights.org/,Global,English,https://instagram.com/CRNetInt,-,18/11/2022,-,Non profit organizations / Non Governmental Organizations,Organizaciones sin ánimo de lucro / Organizaciones no gubernamentales,global/NPO_NGO.csv,NPO_NGO
"CDE, University of Bern",https://mstdn.social/@CDEunibe,https://www.cde.unibe.ch/,Switzerland,English / German,-,-,10/11/2022,-,Universities,Universidades,switzerland/UNIVERSITIES.csv,UNIVERSITIES
Chema Alonso,https://ioc.exchange/@chemaalonso,https://www.elladodelmal.com/,Spain,Spanish,https://mypublicinbox.com/ChemaAlonso,-,15/11/2022,-,Personalities and celebrities,Personalidades y personajes famosxs,spain/PERSONALITIES.csv,PERSONALITIES
Cirenia Arias,https://scicomm.xyz/@cireniasketches,http://cienciaenredes.com/cirenia-arias/,Spain,Spanish / English,-,Ilustradora científica,05/11/2022,-,Cartoonists / Illustrators,Dibujantes / Viñetistas / Ilustradores,spain/CARTOONISTS.csv,CARTOONISTS
CK's Technology News,https://cktn.todon.de/@CKsTechNews,https://forum.cktn.de/,Switzerland,English,https://cktn.org/,-,18/11/2022,-,Non profit organizations / Non Governmental Organizations,Organizaciones sin ánimo de lucro / Organizaciones no gubernamentales,switzerland/NPO_NGO.csv,NPO_NGO
Cour de justice de l'UE,https://social.network.europa.eu/@Curia_fr,https://curia.europa.eu/,European Union,French,-,Bot,01/04/2022,-,Institutions,Instituciones,european_union/INSTITUTIONS.csv,INSTITUTIONS
Court of Justice of the EU,https://social.network.europa.eu/@Curia,https://curia.europa.eu/,European Union,English,-,Bot,01/04/2022,-,Institutions,Instituciones,european_union/INSTITUTIONS.csv,INSTITUTIONS
CTXT,https://mastodon.world/@ctxt,https://ctxt.es/,Spain,Spanish,-,-,18/11/2022,-,Media,Medios de comunicación,spain/MEDIA.csv,MEDIA
Cuellilargo,https://social.anartist.org/@cuelli,https://www.youtube.com/@cuellilargo/,Spain,Spanish,-,-,21/11/2022,-,Media,Medios de comunicación,spain/MEDIA.csv,MEDIA
Cyberagentur,https://social.bund.de/@Cyberagentur,https://www.cyberagentur.de/,Germany,German,-,-,01/11/2022,-,Institutions,Instituciones,germany/INSTITUTIONS.csv,INSTITUTIONS
DAI,https://social.bund.de/@dai_weltweit,https://www.dainst.org/,Germany,German,-,-,01/11/2022,-,Institutions,Instituciones,germany/INSTITUTIONS.csv,INSTITUTIONS
Dani Domínguez,https://mastodon.world/@DaniDominguez,https://www.lamarea.com/author/dani-dominguez/,Spain,Spanish / Catalan,-,-,18/11/2022,-,Journalists,Periodistas,spain/JOURNALISTS.csv,JOURNALISTS
Datenschutzkonferenz,https://social.bund.de/@dsk,https://www.datenschutzkonferenz-online.de/,Germany,German,-,-,01/01/2022,-,Institutions,Instituciones,germany/INSTITUTIONS.csv,INSTITUTIONS
Der Zoll,https://social.bund.de/@Zoll,https://zoll.de/,Germany,German,-,-,01/11/2022,-,Institutions,Instituciones,germany/INSTITUTIONS.csv,INSTITUTIONS
Deutscher Wetterdienst (DWD),https://social.bund.de/@DeutscherWetterdienst,https://www.dwd.de/DE/Home/home_node.html,Germany,German,-,-,01/11/2022,-,Institutions,Instituciones,germany/INSTITUTIONS.csv,INSTITUTIONS
Deutsches Heer,https://social.bund.de/@deutschesHeer,https://www.bundeswehr.de/de/organisation/heer,Germany,German,-,-,01/11/2022,-,Institutions,Instituciones,germany/INSTITUTIONS.csv,INSTITUTIONS
Development ,https://mstdn.science/@Dev_journal,https://journals.biologists.com/dev,Global,English,-,Biology,15/11/2022	,-,"Scientific institutes, societies and journals","Institutos, sociedades y revistas científicas",global/SCI_INSTITUTES_JOURNALS_SOCIETIES.csv,SCI_INSTITUTES_JOURNALS_SOCIETIES
Digital Freedom Fund,https://eupolicy.social/@digitalfreedomfund,https://digitalfreedomfund.org/,European Union,English,-,-,01/11/2022,-,Foundations,Fundaciones,european_union/FOUNDATIONS.csv,FOUNDATIONS
Directorate-General for Informatics,https://social.network.europa.eu/@EC_DIGIT,https://ec.europa.eu/info/departments/informatics_en,European Union,Multi,-,-,01/02/2022,-,Institutions,Instituciones,european_union/INSTITUTIONS.csv,INSTITUTIONS
Disease Models & Mechanisms,https://mstdn.science/@DMM_Journal,https://journals.biologists.com/dmm,Global,English,-,-,15/11/2022	,-,"Scientific institutes, societies and journals","Institutos, sociedades y revistas científicas",global/SCI_INSTITUTES_JOURNALS_SOCIETIES.csv,SCI_INSTITUTES_JOURNALS_SOCIETIES
DLR,https://social.bund.de/@DLR,https://www.dlr.de/,Germany,German,-,-,01/11/2022,-,Institutions,Instituciones,germany/INSTITUTIONS.csv,INSTITUTIONS
DLR_next,https://social.bund.de/@dlr_next,https://www.dlr.de/next/,Germany,German,-,-,01/11/2022,-,Institutions,Instituciones,germany/INSTITUTIONS.csv,INSTITUTIONS
DSEE,https://social.bund.de/@dsee,https://www.deutsche-stiftung-engagement-und-ehrenamt.de/,Germany,German,-,-,01/11/2022,-,Institutions,Instituciones,germany/INSTITUTIONS.csv,INSTITUTIONS
Dugdale Research Group ,https://ecoevo.social/@Hannahdugdale,https://hannahdugdale.wordpress.com/,Netherlands,English,https://research.rug.nl/en/organisations/dugdale-group-evolution-of-senescence,-,16/11/2022	,-,Scientific research groups,Grupos de investigación científica,netherlands/SCI_RESEARCH_GROUPS.csv,SCI_RESEARCH_GROUPS
Ecopixeladas,https://social.politicaconciencia.org/@ecopixeladas,https://ecopixeladas.com/,Spain,Spanish,-,-,20/02/2021,-,Scientific dissemination,Divulgación científica,spain/SCIENTIFIC_DISSEMINATION.csv,SCIENTIFIC_DISSEMINATION
El Mundo Today,https://mastodon.social/@elmundotoday,https://www.elmundotoday.com/,Spain,Spanish,-,Humor / Sátira,28/10/2022,-,Media,Medios de comunicación,spain/MEDIA.csv,MEDIA
El Salto Diario,https://mastodon.social/@ElSaltoDiario,https://www.elsaltodiario.com/,Spain,Spanish,https://t.me/elsaltodiario,-,02/09/2021,-,Media,Medios de comunicación,spain/MEDIA.csv,MEDIA
elDiario.es,https://mastodon.world/@eldiarioes,https://www.eldiario.es/,Spain,Spanish,-,-,21/11/2022,-,Media,Medios de comunicación,spain/MEDIA.csv,MEDIA
Electomanía,https://masto.ai/@electomania,https://electomania.es/,Spain,Spanish,http://t.me/electomania,Demoscopia,18/11/2022,-,Media,Medios de comunicación,spain/MEDIA.csv,MEDIA
Electronic Frontier Foundation,https://mastodon.social/@eff,https://www.eff.org/,Global,English,-,-,04/04/2017,-,Foundations,Fundaciones,global/FOUNDATIONS.csv,FOUNDATIONS
Elena de Sus,https://mastodon.world/@elenadesus,https://ctxt.es/user/profile/elenadesus,Spain,Spanish,-,-,18/11/2022,-,Journalists,Periodistas,spain/JOURNALISTS.csv,JOURNALISTS
Emilio Doménech,https://mastodon.online/@nanisimo,https://es.wikipedia.org/wiki/Emilio_Dom%C3%A9nech,Spain,Spanish,-,Nanisimo,04/11/2022,-,Journalists,Periodistas,spain/JOURNALISTS.csv,JOURNALISTS
EU Research Executive Agency,https://social.network.europa.eu/@EC_REA,https://rea.ec.europa.eu/index_en,European Union,Multi,-,-,25/11/2022,-,Institutions,Instituciones,european_union/INSTITUTIONS.csv,INSTITUTIONS
EU Watch,https://eupolicy.social/@euwatch,https://www.euwatch.be/,European Union,Multi,-,-,01/11/2022,-,Non profit organizations / Non Governmental Organizations,Organizaciones sin ánimo de lucro / Organizaciones no gubernamentales,european_union/NPO_NGO.csv,NPO_NGO
EUobserver,https://eupolicy.social/@euobserver,https://euobserver.com/,European Union,English,-,-,01/11/2022,-,Media,Medios de comunicación,european_union/MEDIA.csv,MEDIA
EURACTIV,https://masto.ai/@euractiv,https://www.euractiv.com/,European Union,Multi,-,-,07/11/2022,-,Media,Medios de comunicación,european_union/MEDIA.csv,MEDIA
European Center for Not-for-Profit Law,https://eupolicy.social/@ecnl,https://www.ecnl.org/,European Union,English,-,-,01/11/2022,-,Non profit organizations / Non Governmental Organizations,Organizaciones sin ánimo de lucro / Organizaciones no gubernamentales,european_union/NPO_NGO.csv,NPO_NGO
European Commission,https://social.network.europa.eu/@EU_Commission,https://ec.europa.eu/,European Union,Multi,-,-,01/04/2022,-,Institutions,Instituciones,european_union/INSTITUTIONS.csv,INSTITUTIONS
European Data Protection Supervisor,https://social.network.europa.eu/@EDPS,https://edps.europa.eu/,European Union,Multi,-,-,01/02/2022,-,Institutions,Instituciones,european_union/INSTITUTIONS.csv,INSTITUTIONS
European Digital Rights (EDRi),https://eupolicy.social/@edri,https://edri.org/,European Union,English,-,-,01/11/2022,-,Non profit organizations / Non Governmental Organizations,Organizaciones sin ánimo de lucro / Organizaciones no gubernamentales,european_union/NPO_NGO.csv,NPO_NGO
European Investment Bank,https://social.network.europa.eu/@eib,https://www.eib.org/,European Union,Multi,-,-,01/11/2022,-,Institutions,Instituciones,european_union/INSTITUTIONS.csv,INSTITUTIONS
European Labour Authority,https://social.network.europa.eu/@ELA,https://www.ela.europa.eu/,European Union,Multi,-,-,01/06/2022,-,Institutions,Instituciones,european_union/INSTITUTIONS.csv,INSTITUTIONS
European Mathematical Society ,https://mathstodon.xyz/@EuroMathSoc,euromathsoc.org/,European Union,English,-,-,11/11/2022	,-,"Scientific institutes, societies and journals","Institutos, sociedades y revistas científicas",european_union/SCI_INSTITUTES_JOURNALS_SOCIETIES.csv,SCI_INSTITUTES_JOURNALS_SOCIETIES
European Ombudsman,https://social.network.europa.eu/@ombudsman,https://www.ombudsman.europa.eu/,European Union,Multi,-,-,01/03/2022,-,Institutions,Instituciones,european_union/INSTITUTIONS.csv,INSTITUTIONS
European Union Agency for Fundamental Rights,https://social.network.europa.eu/@FRA,https://fra.europa.eu/,European Union,Multi,-,-,01/03/2022,-,Institutions,Instituciones,european_union/INSTITUTIONS.csv,INSTITUTIONS
"European Union Agency for the Operational Management of Large-Scale IT Systems in the Area of Freedom, Security and Justice",https://social.network.europa.eu/@EULISA,https://eulisa.europa.eu/,European Union,English,-,-,01/09/2022,-,Institutions,Instituciones,european_union/INSTITUTIONS.csv,INSTITUTIONS
European Union Agency for the Space Programme,https://social.network.europa.eu/@EUSPA,https://www.euspa.europa.eu/,European Union,English,-,-,01/03/2022,-,Institutions,Instituciones,european_union/INSTITUTIONS.csv,INSTITUTIONS
European Union External Action,https://social.network.europa.eu/@EEAS,https://www.eeas.europa.eu/,European Union,Multi,-,The Diplomatic Service of the European Union,01/11/2022,-,Institutions,Instituciones,european_union/INSTITUTIONS.csv,INSTITUTIONS
European Union Intellectual Property Office,https://social.network.europa.eu/@EUIPO,https://euipo.europa.eu/,European Union,Multi,-,-,01/05/2022,-,Institutions,Instituciones,european_union/INSTITUTIONS.csv,INSTITUTIONS
European Union Sanctions,https://social.network.europa.eu/@EC_Sanctions,https://finance.ec.europa.eu/eu-and-world/sanctions-restrictive-measures_en,European Union,English,-,-,01/11/2022,-,Institutions,Instituciones,european_union/INSTITUTIONS.csv,INSTITUTIONS
Extinction Rebellion DE,https://social.rebellion.global/@xrgermany,https://extinctionrebellion.de/,Germany,German,https://rebellion.global/,-,05/09/2019,,Social movements,Movimientos sociales,germany/SOCIAL_MOVEMENTS.csv,SOCIAL_MOVEMENTS
F-Droid,https://floss.social/@fdroidorg,https://f-droid.org/,Global,Multi,https://gitlab.com/fdroid,-,15/10/2022,-,Software,Software,global/SOFTWARE.csv,SOFTWARE
FAU Erlangen-Nürnberg,https://mastodon.social/@FAU,https://www.fau.de/,Germany,German,-,-,24/05/2022,-,Universities,Universidades,germany/UNIVERSITIES.csv,UNIVERSITIES
Fedilab,https://framapiaf.org/@fedilab,https://fedilab.app/,Global,Multi,-,Android App,21/04/2019,-,Software,Software,global/SOFTWARE.csv,SOFTWARE
Fernando Hernández Valls,https://masto.ai/@fernandohvalls,https://www.linkedin.com/in/fernando-h-valls-283452111/,Spain,Spanish,-,-,18/11/2022,-,Journalists,Periodistas,spain/JOURNALISTS.csv,JOURNALISTS
FernUniversität in Hagen,https://bildung.social/@fernunihagen,https://www.fernuni-hagen.de/,Germany,German,-,-,28/10/2022,-,Universities,Universidades,germany/UNIVERSITIES.csv,UNIVERSITIES
Fight for the Future,https://mastodon.fightforthefuture.org/@team,https://www.fightforthefuture.org/,Global,English,-,-,02/11/2022,-,Non profit organizations / Non Governmental Organizations,Organizaciones sin ánimo de lucro / Organizaciones no gubernamentales,global/NPO_NGO.csv,NPO_NGO
FITKO,https://social.bund.de/@FITKOfoederal,https://www.fitko.de/,Germany,German,-,-,01/08/2021,-,Institutions,Instituciones,germany/INSTITUTIONS.csv,INSTITUTIONS
FIZ ISE Research Group ,https://sigmoid.social/@fizise,https://www.fiz-karlsruhe.de/en/forschung/information-service-engineering,Germany,English,-,-,27/11/2022	,-,Scientific research groups,Grupos de investigación científica,germany/SCI_RESEARCH_GROUPS.csv,SCI_RESEARCH_GROUPS
Foreign Policy,https://mastodon.world/@foreignpolicy,https://foreignpolicy.com/,USA,English,https://www.linkedin.com/company/foreign-policy-magazine/,-,18/11/2022,-,Media,Medios de comunicación,united_states_of_america/MEDIA.csv,MEDIA
Forschungszentrum DZNE,https://social.bund.de/@dzne,https://www.dzne.de/,Germany,German,-,-,01/11/2022,-,Institutions,Instituciones,germany/INSTITUTIONS.csv,INSTITUTIONS
Fraunhofer FOKUS,https://social.bund.de/@FraunhoferFOKUS,https://www.fokus.fraunhofer.de/,Germany,German,-,-,01/11/2022,-,Institutions,Instituciones,germany/INSTITUTIONS.csv,INSTITUTIONS
Free Software Foundation,https://hostux.social/@fsf,https://www.fsf.org/,Global,Multi,-,-,16/12/2019,-,Foundations,Fundaciones,global/FOUNDATIONS.csv,FOUNDATIONS
FreeCAD,https://fosstodon.org/@FreeCAD,https://www.freecad.org/,Global,English,-,-,30/12/2018,-,Software,Software,global/SOFTWARE.csv,SOFTWARE
Funkwhale,https://fosstodon.org/@funkwhale,https://funkwhale.audio/,Global,Multi,-,-,20/11/2021,-,Software,Software,global/SOFTWARE.csv,SOFTWARE
Für Menschenrechte,https://social.bund.de/@DIMR_Berlin,https://www.institut-fuer-menschenrechte.de/,Germany,German,-,-,01/11/2022,-,Institutions,Instituciones,germany/INSTITUTIONS.csv,INSTITUTIONS
GEOMAR,https://social.bund.de/@geomar_de,https://www.geomar.de/,Germany,German,-,-,01/11/2022,-,Institutions,Instituciones,germany/INSTITUTIONS.csv,INSTITUTIONS
Geopolitics Journal ,https://mastodon.social/@Geopolitics,https://www.tandfonline.com/toc/fgeo20/current,Global,English,-,-,13/11/2022	,-,"Scientific institutes, societies and journals","Institutos, sociedades y revistas científicas",global/SCI_INSTITUTES_JOURNALS_SOCIETIES.csv,SCI_INSTITUTES_JOURNALS_SOCIETIES
Gerardo Tecé,https://mastodon.world/@gerardotc,https://es.wikipedia.org/wiki/Gerardo_Tec%C3%A9,Spain,Spanish,-,-,18/11/2022,-,Journalists,Periodistas,spain/JOURNALISTS.csv,JOURNALISTS
German Embassy London,https://social.bund.de/@germanyinuk,https://uk.diplo.de/,Germany,German,-,-,01/11/2022,-,Institutions,Instituciones,germany/INSTITUTIONS.csv,INSTITUTIONS
GIGA Institute,https://social.bund.de/@GIGA_Institute,https://www.giga-hamburg.de/,Germany,German,-,-,01/11/2022,-,Institutions,Instituciones,germany/INSTITUTIONS.csv,INSTITUTIONS
GIMP,https://floss.social/@GIMP,https://gimp.org/,Global,English,-,-,11/10/2022,-,Software,Software,global/SOFTWARE.csv,SOFTWARE
GNOME,https://floss.social/@gnome,https://www.gnome.org/,Global,English,-,-,09/07/2018,-,Software,Software,global/SOFTWARE.csv,SOFTWARE
Gonzalo Torné,https://mastodon.social/@GonzaloTorne,https://es.wikipedia.org/wiki/Gonzalo_Torn%C3%A9,Spain,Spanish,-,-,03/10/2018,-,Writers,Escritorxs,spain/WRITERS.csv,WRITERS
GRS,https://social.bund.de/@GRS,https://www.grs.de/,Germany,German,-,-,01/11/2022,-,Institutions,Instituciones,germany/INSTITUTIONS.csv,INSTITUTIONS
GTK,https://floss.social/@GTK,https://www.gtk.org/,Global,English,-,-,10/11/2022,-,Software,Software,global/SOFTWARE.csv,SOFTWARE
Guillem Martínez,https://sociale.network/@Guillemmartnez,https://es.wikipedia.org/wiki/Guillem_Mart%C3%ADnez,Spain,Spanish,-,-,08/11/2022,-,Journalists,Periodistas,spain/JOURNALISTS.csv,JOURNALISTS
Guillermo Zapata,https://mas.to/@GZapata,https://biblioghizan.com/,Spain,Spanish,-,-,09/11/2022,-,Writers,Escritorxs,spain/WRITERS.csv,WRITERS
HafenCity Universität (HCU),https://mastodon.social/@HCUHamburg,https://www.hcu-hamburg.de/,Germany,German,-,-,13/10/2022,-,Universities,Universidades,germany/UNIVERSITIES.csv,UNIVERSITIES
HCIL at University of Maryland,https://hci.social/@hcil_umd,https://hcil.umd.edu/,USA,English,https://www.youtube.com/@HCILUMD,-,05/11/2022,-,Universities,Universidades,united_states_of_america/UNIVERSITIES.csv,UNIVERSITIES
Heinrich-Heine-Universität,https://nrw.social/@HHU,https://www.hhu.de/,Germany,German,-,-,10/11/2022,-,Universities,Universidades,germany/UNIVERSITIES.csv,UNIVERSITIES
Hessischer Landtag,https://social.bund.de/@HessischerLandtag,https://hessischer-landtag.de/,Germany,German,-,-,01/05/2022,-,Institutions,Instituciones,germany/INSTITUTIONS.csv,INSTITUTIONS
Hochschule Anhalt,https://mastodon.social/@hsanhalt,https://www.hs-anhalt.de/,Germany,German,-,-,17/11/2022,-,Universities,Universidades,germany/UNIVERSITIES.csv,UNIVERSITIES
Hochschule der Medien,https://bonn.social/@hdmstuttgart@baw%C3%BC.social,https://www.hdm-stuttgart.de/,Germany,German,-,-,26/07/2021,-,Universities,Universidades,germany/UNIVERSITIES.csv,UNIVERSITIES
Hochschule für Gestaltung,https://bonn.social/@hfg_gmuend@baw%C3%BC.social,https://www.hfg-gmuend.de/,Germany,German,-,-,19/05/2022,-,Universities,Universidades,germany/UNIVERSITIES.csv,UNIVERSITIES
Hochschule für Wirtschaft und Umwelt,https://bonn.social/@HfWU@baw%C3%BC.social,https://www.hfwu.de/,Germany,German,-,-,14/11/2022,-,Universities,Universidades,germany/UNIVERSITIES.csv,UNIVERSITIES
Hochschule Kehl,https://mastodon.social/@hochschule_kehl,https://www.hs-kehl.de/,Germany,German,-,-,20/05/2022,-,Universities,Universidades,germany/UNIVERSITIES.csv,UNIVERSITIES
Hochschule Ravensburg-Weingarten,https://mastodon.online/@rwu,https://www.rwu.de/,Germany,German,-,-,02/12/2020,-,Universities,Universidades,germany/UNIVERSITIES.csv,UNIVERSITIES
Hochschule Reutlingen,https://bonn.social/@Hochschule_Reutlingen@baw%C3%BC.social,https://www.reutlingen-university.de/home/,Germany,German,-,-,17/05/2022,-,Universities,Universidades,germany/UNIVERSITIES.csv,UNIVERSITIES
HTW Berlin,https://wisskomm.social/@HTW_Berlin,https://www.htw-berlin.de/,Germany,German,-,-,22/11/2022,-,Universities,Universidades,germany/UNIVERSITIES.csv,UNIVERSITIES
IFEX,https://mastodon.social/@ifex,https://ifex.org/,Global,Multi,-,-,27/07/2022,-,Non profit organizations / Non Governmental Organizations,Organizaciones sin ánimo de lucro / Organizaciones no gubernamentales,global/NPO_NGO.csv,NPO_NGO
INFOBISOC,https://red.niboe.info/@infobisoc,-,Spain,Spanish,-,-,25/11/2022,-,Scientific research groups,Grupos de investigación científica,spain/SCI_RESEARCH_GROUPS.csv,SCI_RESEARCH_GROUPS
infoLibre,https://mastodon.world/@_infoLibre,https://www.infolibre.es/,Spain,Spanish,-,-,20/11/2022,-,Media,Medios de comunicación,spain/MEDIA.csv,MEDIA
Inkscape,https://mastodon.art/@inkscape,https://inkscape.org/,Global,Multi,https://gitlab.com/inkscape/inkscape/,-,05/04/2018,-,Software,Software,global/SOFTWARE.csv,SOFTWARE
Institut für Publizistik ,https://sciences.social/@ifp,https://www.ifp.uni-mainz.de/,Germany,English,-,-,21/11/2022	,-,"Scientific institutes, societies and journals","Institutos, sociedades y revistas científicas",germany/SCI_INSTITUTES_JOURNALS_SOCIETIES.csv,SCI_INSTITUTES_JOURNALS_SOCIETIES
Institute for Energy Economics and Financial Analysis (IEEFA),https://mastodon.energy/@ieefa_institute,https://ieefa.org/,USA,English,-,-,09/11/2022	,-,"Scientific institutes, societies and journals","Institutos, sociedades y revistas científicas",united_states_of_america/SCI_INSTITUTES_JOURNALS_SOCIETIES.csv,SCI_INSTITUTES_JOURNALS_SOCIETIES
Interferencias,https://social.interferencias.tech/@interferencias,https://jasyp.interferencias.tech/,Spain,Spanish,https://t.me/inter_ferencias,-,10/11/2022,-,Non profit organizations / Non Governmental Organizations,Organizaciones sin ánimo de lucro / Organizaciones no gubernamentales,spain/NPO_NGO.csv,NPO_NGO
Ismael Serrano,https://mastodon.la/@serranoismael,https://www.ismaelserrano.com/,Spain,Spanish,-,-,12/11/2022,-,Musicians,Músicxs,spain/MUSICIANS.csv,MUSICIANS
ITZBund,https://social.bund.de/@itzbund,https://www.itzbund.de/,Germany,German,-,-,01/02/2022,-,Institutions,Instituciones,germany/INSTITUTIONS.csv,INSTITUTIONS
IU Maurer School of Law,https://mastodon.lawprofs.org/@IUMaurerLaw,https://law.indiana.edu/,USA,English,-,-,09/11/2022,-,Universities,Universidades,united_states_of_america/UNIVERSITIES.csv,UNIVERSITIES
Ivory,https://tapbots.social/@ivory,-,Global,English,-,iOS App,24/11/2022,-,Software,Software,global/SOFTWARE.csv,SOFTWARE
Jesús Maraña,https://mastodon.world/@jesusmarana,https://es.wikipedia.org/wiki/Jes%C3%BAs_Mara%C3%B1a,Spain,Spanish,-,-,19/11/2022,-,Journalists,Periodistas,spain/JOURNALISTS.csv,JOURNALISTS
Journal Experimental Medicine ,https://mstdn.science/@JExpMed,https://rupress.org/jem,Global,English,-,-,18/11/2022	,-,"Scientific institutes, societies and journals","Institutos, sociedades y revistas científicas",global/SCI_INSTITUTES_JOURNALS_SOCIETIES.csv,SCI_INSTITUTES_JOURNALS_SOCIETIES
Journal of Cell Biology (JCB) ,https://mstdn.science/@JCellBiol,https://rupress.org/JCB,Global,English,-,-,18/11/2022	,-,"Scientific institutes, societies and journals","Institutos, sociedades y revistas científicas",global/SCI_INSTITUTES_JOURNALS_SOCIETIES.csv,SCI_INSTITUTES_JOURNALS_SOCIETIES
Journal of Cell Science ,https://mstdn.science/@J_Cell_Sci,https://journals.biologists.com/jcs,Global,English,-,-,15/11/2022	,-,"Scientific institutes, societies and journals","Institutos, sociedades y revistas científicas",global/SCI_INSTITUTES_JOURNALS_SOCIETIES.csv,SCI_INSTITUTES_JOURNALS_SOCIETIES
Journal of General Physiology ,https://mstdn.science/@JGenPhysiol,https://rupress.org/jgp,Global,English,-,-,18/11/2022	,-,"Scientific institutes, societies and journals","Institutos, sociedades y revistas científicas",global/SCI_INSTITUTES_JOURNALS_SOCIETIES.csv,SCI_INSTITUTES_JOURNALS_SOCIETIES
Journal of Political Ecology ,https://sciences.social/@journalofpoliticalecology,https://journals.librarypublishing.arizona.edu/jpe/,Global,English,-,-,06/11/2022	,-,"Scientific institutes, societies and journals","Institutos, sociedades y revistas científicas",global/SCI_INSTITUTES_JOURNALS_SOCIETIES.csv,SCI_INSTITUTES_JOURNALS_SOCIETIES
JRMora,https://mastodon.social/@jrmora,https://jrmora.com/,Spain,Spanish,-,-,29/12/2019,-,Cartoonists / Illustrators,Dibujantes / Viñetistas / Ilustradores,spain/CARTOONISTS.csv,CARTOONISTS
Karlsruher Institut für Technologie (KIT),https://mastodon.social/@KIT_Karlsruhe,https://www.kit.edu/,Germany,German,-,-,29/07/2021,-,Universities,Universidades,germany/UNIVERSITIES.csv,UNIVERSITIES
KDE,https://floss.social/@kde,https://kde.org/,Global,Multi,-,-,07/10/2022,-,Software,Software,global/SOFTWARE.csv,SOFTWARE
Kdenlive,https://floss.social/@kdenlive,https://kdenlive.org/,Global,Multi,-,-,08/10/2022,-,Software,Software,global/SOFTWARE.csv,SOFTWARE
KfW Bankengruppe,https://social.bund.de/@KfW,https://www.kfw.de/s/dekEU20,Germany,German,-,-,01/11/2022,-,Institutions,Instituciones,germany/INSTITUTIONS.csv,INSTITUTIONS
Kompetenzzentrum Open Data,https://social.bund.de/@opendatabund,https://opendata.bund.de/,Germany,German,-,-,01/11/2022,-,Institutions,Instituciones,germany/INSTITUTIONS.csv,INSTITUTIONS
La Marea,https://xarxa.cloud/@lamarea,https://www.lamarea.com/,Spain,Spanish,-,BOT,17/01/2020,-,Media,Medios de comunicación,spain/MEDIA.csv,MEDIA
Landscape Research Group ,https://mas.to/@aboutlandscape,https://landscaperesearch.org/,United Kingdom,English,-,-,10/11/2022	,-,Scientific research groups,Grupos de investigación científica,united_kingdom/SCI_RESEARCH_GROUPS.csv,SCI_RESEARCH_GROUPS
Landscape Research Journal ,https://mas.to/@landscaperesearch,https://landscaperesearch.org/journal/,Global,English,https://www.tandfonline.com/toc/clar20/current,-,07/11/2022	,-,"Scientific institutes, societies and journals","Institutos, sociedades y revistas científicas",global/SCI_INSTITUTES_JOURNALS_SOCIETIES.csv,SCI_INSTITUTES_JOURNALS_SOCIETIES
Landtag RLP,https://social.bund.de/@ltrlp,https://www.landtag.rlp.de/de/general-storage/footer/ueber-den-landtag/impressum/,Germany,German,-,-,01/07/2021,-,Institutions,Instituciones,germany/INSTITUTIONS.csv,INSTITUTIONS
Law & Space Journal ,https://mastodon.social/@lawandspacejournal,https://lawandspace.com/,Global,English,-,-,05/11/2022	,-,"Scientific institutes, societies and journals","Institutos, sociedades y revistas científicas",global/SCI_INSTITUTES_JOURNALS_SOCIETIES.csv,SCI_INSTITUTES_JOURNALS_SOCIETIES
Liberapay,https://mastodon.xyz/@Liberapay,https://liberapay.com/,Global,Multi,-,Donations platform,10/12/2017,,Platforms,Plataformas,global/PLATFORMS.csv,PLATFORMS
LibreOffice,https://fosstodon.org/@libreoffice,https://www.libreoffice.org/,Global,Multi,-,-,20/03/2019,-,Software,Software,global/SOFTWARE.csv,SOFTWARE
LIP Research Group ,https://sciences.social/@lip,https://wp.lancs.ac.uk/lip/,United Kingdom,English,-,-,14/11/2022	,-,Scientific research groups,Grupos de investigación científica,united_kingdom/SCI_RESEARCH_GROUPS.csv,SCI_RESEARCH_GROUPS
Loeffler,https://social.bund.de/@loeffler_news,https://fli.de/,Germany,German,-,-,01/11/2022,-,Institutions,Instituciones,germany/INSTITUTIONS.csv,INSTITUTIONS
Luzes,https://mastodon.gal/@Luzes,https://luzes.gal/,Spain,Galego,-,-,12/11/2022,-,Media,Medios de comunicación,spain/MEDIA.csv,MEDIA
Magdeburg-Stendal University,https://machteburch.social/@h2international,https://www.h2.de/,Germany,German,-,-,04/08/2021,-,Universities,Universidades,germany/UNIVERSITIES.csv,UNIVERSITIES
Maldita.es,https://mastodon.social/@malditaes,https://maldita.es/,Spain,Spanish,-,Verificación de bulos,18/11/2022,-,Media,Medios de comunicación,spain/MEDIA.csv,MEDIA
Manuel Rico,https://mstdn.social/@manuelrico,https://www.infolibre.es/autores/manuel-rico/,Spain,Spanish,-,-,13/11/2022,-,Journalists,Periodistas,spain/JOURNALISTS.csv,JOURNALISTS
Mastodon,https://mastodon.social/@Mastodon,https://joinmastodon.org/,Global,Multi,-,-,23/11/2016,-,Software,Software,global/SOFTWARE.csv,SOFTWARE
Matrix.org,https://mastodon.matrix.org/@matrix,https://matrix.org/,Global,English,-,-,01/05/2017,-,Software,Software,global/SOFTWARE.csv,SOFTWARE
Mattias Bjärnemalm,https://eupolicy.social/@Mab,https://www.linkedin.com/in/bjarnemalm/,European Union,English,-,Pirate Parties Network Officer,01/10/2022,-,Policy,Política,european_union/POLICY.csv,POLICY
Max Delbrück Center,https://social.bund.de/@MDC_Berlin,https://www.mdc-berlin.de/,Germany,German,-,-,01/11/2022,-,Institutions,Instituciones,germany/INSTITUTIONS.csv,INSTITUTIONS
Max Lab UW Seattle,https://fediscience.org/@StutteringLabUW,http://faculty.washington.edu/ludomax/lab,USA,English,-,-,04/11/2022	,-,Scientific research groups,Grupos de investigación científica,united_states_of_america/SCI_RESEARCH_GROUPS.csv,SCI_RESEARCH_GROUPS
Max-Planck-Gesellschaft,https://wisskomm.social/@maxplanckgesellschaft,https://www.mpg.de/en/socialmedia,Germany,German,-,-,18/11/2022	,-,"Scientific institutes, societies and journals","Institutos, sociedades y revistas científicas",germany/SCI_INSTITUTES_JOURNALS_SOCIETIES.csv,SCI_INSTITUTES_JOURNALS_SOCIETIES
McGill University,https://mstdn.ca/@mcgillu,http://www.mcgill.ca/,Canada,English / French,-,-,18/11/2022,-,Universities,Universidades,canada/UNIVERSITIES.csv,UNIVERSITIES
Metabolist / Metatext,https://mastodon.social/@metabolist,http://metabolist.org/,Global,Multi,-,iOS App,30/10/2019,-,Software,Software,global/SOFTWARE.csv,SOFTWARE
microsiervos,https://mastodon.cloud/@microsiervos,https://www.microsiervos.com/,Spain,Spanish,https://t.me/microsiervos,-,01/08/2018,-,Media,Medios de comunicación,spain/MEDIA.csv,MEDIA
MINS Research Group/Faggruppe ,https://sciences.social/@minsnord,https://www.nord.no/en/about/faculties-and-centres/faculty-of-social-sciences/research/divisions/miljo-internasjonale-relasjoner-noromrader-og-samfunnssikkerhet/Pages/default.aspx,Norway,English,-,-,18/11/2022	,-,Scientific research groups,Grupos de investigación científica,norway/SCI_RESEARCH_GROUPS.csv,SCI_RESEARCH_GROUPS
Miquel Ramos,https://mastodont.cat/@Miquel_R,https://miquelramos.me/,Spain,Spanish / Catalan,-,-,18/11/2022,-,Journalists,Periodistas,spain/JOURNALISTS.csv,JOURNALISTS
MIT Press,https://mastodon.mit.edu/@themitpress,https://mitpress.mit.edu/,USA,English,-,-,10/11/2022,-,Universities,Universidades,united_states_of_america/UNIVERSITIES.csv,UNIVERSITIES
MPI for Biological Intelligence ,https://wisskomm.social/@MPIforBI,https://www.bi.mpg.de/en,Germany,English,-,-,21/11/2022	,-,"Scientific institutes, societies and journals","Institutos, sociedades y revistas científicas",germany/SCI_INSTITUTES_JOURNALS_SOCIETIES.csv,SCI_INSTITUTES_JOURNALS_SOCIETIES
MPI of Molecular Cell Biology and Genetics,https://wisskomm.social/@mpicbg,https://www.mpi-cbg.de/,Germany,English,-,-,19/11/2022	,-,"Scientific institutes, societies and journals","Institutos, sociedades y revistas científicas",germany/SCI_INSTITUTES_JOURNALS_SOCIETIES.csv,SCI_INSTITUTES_JOURNALS_SOCIETIES
Nature Astronomy ,https://astrodon.social/@NatureAstronomy,https://www.nature.com/natastron/,Global,English,-,-,07/11/2022	,-,"Scientific institutes, societies and journals","Institutos, sociedades y revistas científicas",global/SCI_INSTITUTES_JOURNALS_SOCIETIES.csv,SCI_INSTITUTES_JOURNALS_SOCIETIES
"NBDT, a neuro open journal ",https://sigmoid.social/@nbdt_journal,https://nbdt.scholasticahq.com/,Global,English,-,-,14/11/2022	,-,"Scientific institutes, societies and journals","Institutos, sociedades y revistas científicas",global/SCI_INSTITUTES_JOURNALS_SOCIETIES.csv,SCI_INSTITUTES_JOURNALS_SOCIETIES
NetBlocks,https://mastodon.social/@netblocks,https://netblocks.org/,Global,English,https://t.me/netblocks,-,07/11/2022,-,Non profit organizations / Non Governmental Organizations,Organizaciones sin ánimo de lucro / Organizaciones no gubernamentales,global/NPO_NGO.csv,NPO_NGO
Netopia EU,https://eupolicy.social/@netopia,https://www.netopia.eu/,European Union,English,-,-,01/10/2022,-,Media,Medios de comunicación,european_union/MEDIA.csv,MEDIA
Next Generation Internet,https://social.network.europa.eu/@EC_NGI,https://www.ngi.eu/,European Union,English,-,-,01/03/2022,-,Institutions,Instituciones,european_union/INSTITUTIONS.csv,INSTITUTIONS
Nextcloud,https://mastodon.xyz/@nextcloud,https://nextcloud.com/,Global,Multi,-,-,02/05/2017,-,Software,Software,global/SOFTWARE.csv,SOFTWARE
NLnet Labs,https://fosstodon.org/@nlnetlabs,https://nlnetlabs.nl/,Global,English,-,-,31/10/2022,-,Software,Software,global/SOFTWARE.csv,SOFTWARE
Nonprofit Tech for Good,https://publicgood.social/@nonprofitorgs,https://www.nptechforgood.com/,Global,English,-,-,21/11/2022,-,Non profit organizations / Non Governmental Organizations,Organizaciones sin ánimo de lucro / Organizaciones no gubernamentales,global/NPO_NGO.csv,NPO_NGO
norcoreano,https://mastodon.social/@norcoreano,https://twitter.com/norcoreano,Spain,Spanish,-,-,01/10/2018,-,Comedians,Humoristas,spain/COMEDIANS.csv,COMEDIANS
Omega Research Foundation,https://mastodon.social/@Omega_RF,https://omegaresearchfoundation.org/,United Kingdom,English,-,-,04/11/2022,-,Foundations,Fundaciones,united_kingdom/FOUNDATIONS.csv,FOUNDATIONS
Open Culture,https://toot.community/@openculture,https://openculture.com/,Global,English,-,-,05/11/2022,-,Education,Educación,global/EDUCATION.csv,EDUCATION
Open Journal of Astrophysics ,https://astrodon.social/@OJ_Astro,http://astro.theoj.org/,Global,English,-,-,10/11/2022	,-,"Scientific institutes, societies and journals","Institutos, sociedades y revistas científicas",global/SCI_INSTITUTES_JOURNALS_SOCIETIES.csv,SCI_INSTITUTES_JOURNALS_SOCIETIES
Open Rights Group,https://social.openrightsgroup.org/@openrightsgroup,https://www.openrightsgroup.org/,United Kingdom,English,-,-,21/11/2022,-,Non profit organizations / Non Governmental Organizations,Organizaciones sin ánimo de lucro / Organizaciones no gubernamentales,united_kingdom/NPO_NGO.csv,NPO_NGO
Open Source Programme Office,https://social.network.europa.eu/@EC_OSPO,https://joinup.ec.europa.eu/collection/ec-ospo,European Union,English,-,-,01/02/2022,-,Institutions,Instituciones,european_union/INSTITUTIONS.csv,INSTITUTIONS
OpenMandriva,https://linuxrocks.online/@openmandriva,https://www.openmandriva.org/,Global,English,-,-,13/02/2021,-,Software,Software,global/SOFTWARE.csv,SOFTWARE
Ostbeauftragter,https://social.bund.de/@Ostbeauftragter,https://ostbeauftragter.de/ostb-de,Germany,German,-,-,01/11/2022,-,Institutions,Instituciones,germany/INSTITUTIONS.csv,INSTITUTIONS
Pablo Echenique,https://todon.eu/@PabloEchenique,https://es.wikipedia.org/wiki/Pablo_Echenique,Spain,Spanish,https://t.me/PabloEchenique,-,13/11/2022,-,Policy,Política,spain/POLICY.csv,POLICY
Pedro Vallín,https://mastodon.social/@pvallin,https://es.wikipedia.org/wiki/Pedro_Vall%C3%ADn,Spain,Spanish,-,-,29/12/2019,-,Journalists,Periodistas,spain/JOURNALISTS.csv,JOURNALISTS
Penpot,https://fosstodon.org/@penpot,https://penpot.app/,Global,English,https://github.com/penpot/,-,16/06/2020,-,Software,Software,global/SOFTWARE.csv,SOFTWARE
PH Ludwigsburg,https://bonn.social/@phludwigsburg@baw%C3%BC.social,https://www.ph-ludwigsburg.de/,Germany,German,-,-,20/05/2021,-,Universities,Universidades,germany/UNIVERSITIES.csv,UNIVERSITIES
PH Weingarten,https://bonn.social/@phweingarten@baw%C3%BC.social,https://www.ph-weingarten.de/,Germany,German,-,-,11/04/2022,-,Universities,Universidades,germany/UNIVERSITIES.csv,UNIVERSITIES
Physics Magazine ,https://mas.to/@physics_magazine,https://www.aps.org/publications/physics.cfm,Global,English,-,-,14/11/2022	,-,"Scientific institutes, societies and journals","Institutos, sociedades y revistas científicas",global/SCI_INSTITUTES_JOURNALS_SOCIETIES.csv,SCI_INSTITUTES_JOURNALS_SOCIETIES
Pirates de Catalunya,https://mastodont.cat/@partit_pirata,https://pirates.cat/,Spain,Spanish / Catalan / English,https://t.me/PirataCat,-,14/05/2018,-,Policy,Política,spain/POLICY.csv,POLICY
Pixelfed,https://mastodon.social/@pixelfed,https://pixelfed.org/,Global,English,-,-,11/05/2018,-,Software,Software,global/SOFTWARE.csv,SOFTWARE
PLOS,https://mstdn.science/@PLOS,https://plos.org/,Global,English,-,-,08/11/2022	,-,"Scientific institutes, societies and journals","Institutos, sociedades y revistas científicas",global/SCI_INSTITUTES_JOURNALS_SOCIETIES.csv,SCI_INSTITUTES_JOURNALS_SOCIETIES
PLOS Biology ,https://fediscience.org/@PLOSBiology,https://journals.plos.org/plosbiology/,Global,English,-,-,08/11/2022	,-,"Scientific institutes, societies and journals","Institutos, sociedades y revistas científicas",global/SCI_INSTITUTES_JOURNALS_SOCIETIES.csv,SCI_INSTITUTES_JOURNALS_SOCIETIES
PLOS Climate ,https://mstdn.science/@plosclimate,http://plosclimate.org/,Global,English,-,-,21/11/2022	,-,"Scientific institutes, societies and journals","Institutos, sociedades y revistas científicas",global/SCI_INSTITUTES_JOURNALS_SOCIETIES.csv,SCI_INSTITUTES_JOURNALS_SOCIETIES
Portal Vallecas,https://mastodon.la/@PortalVallecas,https://www.portalvallecas.es/,Spain,Spanish,-,-,12/11/2022,-,Media,Medios de comunicación,spain/MEDIA.csv,MEDIA
PostApocalipsisNau,https://todon.nl/@PostApocalipsisNau,https://www.elsaltodiario.com/post-apocalipsis-nau,Spain,Spanish,https://www.ivoox.com/podcast-post-apocalipsis-nau_sq_f1634081_1.html,-,24/06/2019,-,Podcast,Podcast,spain/PODCAST.csv,PODCAST
Princeton University,https://home.social/@princetonuniversity,https://www.princeton.edu/,USA,English,-,-,17/11/2022,-,Universities,Universidades,united_states_of_america/UNIVERSITIES.csv,UNIVERSITIES
Proyecto UNA,https://mastodon.social/@proyectouna,https://twitter.com/ProyectoUna,Spain,Spanish,https://www.elsaltodiario.com/autor/proyecto-una,-,25/04/2022,-,Collectives,Colectivos,spain/COLLECTIVES.csv,COLLECTIVES
QGIS,https://fosstodon.org/@qgis,https://qgis.org/,Global,Multi,-,-,01/11/2022,-,Software,Software,global/SOFTWARE.csv,SOFTWARE
Quantitative Science Studies ,https://scicomm.xyz/@QSS_ISSI,https://direct.mit.edu/qss,Global,English,-,-,05/11/2022	,-,"Scientific institutes, societies and journals","Institutos, sociedades y revistas científicas",global/SCI_INSTITUTES_JOURNALS_SOCIETIES.csv,SCI_INSTITUTES_JOURNALS_SOCIETIES
Radboud University,https://mastodon.social/@Radboud_uni,https://www.ru.nl/,Netherlands,Dutch,-,-,03/11/2016,-,Universities,Universidades,netherlands/UNIVERSITIES.csv,UNIVERSITIES
Research Institute of Molecular Pathology (IMP),https://mstdn.science/@IMPvienna,https://www.imp.ac.at/,Austria,English,-,-,08/11/2022	,-,"Scientific institutes, societies and journals","Institutos, sociedades y revistas científicas",austria/SCI_INSTITUTES_JOURNALS_SOCIETIES.csv,SCI_INSTITUTES_JOURNALS_SOCIETIES
Robert Koch-Institut,https://social.bund.de/@RKI,https://www.rki.de/DE/Home/homepage_node.html,Germany,German,-,-,01/11/2022,-,Institutions,Instituciones,germany/INSTITUTIONS.csv,INSTITUTIONS
Robert Koch-Institut ,https://social.bund.de/@RKI,https://www.rki.de,Germany,German,-,-,11/11/2022	,-,"Scientific institutes, societies and journals","Institutos, sociedades y revistas científicas",germany/SCI_INSTITUTES_JOURNALS_SOCIETIES.csv,SCI_INSTITUTES_JOURNALS_SOCIETIES
Royal Astronomical Society ,https://astrodon.social/@royalastrosoc,https://ras.ac.uk/,United Kingdom,English,-,-,08/11/2022	,-,"Scientific institutes, societies and journals","Institutos, sociedades y revistas científicas",united_kingdom/SCI_INSTITUTES_JOURNALS_SOCIETIES.csv,SCI_INSTITUTES_JOURNALS_SOCIETIES
Rubén Sánchez,https://mastodon.social/@RubenSanchezTW,https://rubensanchez.tw/,Spain,Spanish,-,-,01/10/2018,-,Journalists,Periodistas,spain/JOURNALISTS.csv,JOURNALISTS
Science politique UdeM,https://mstdn.ca/@Sciencepo_UdeM,https://pol.umontreal.ca/,Canada,English / French,-,-,19/11/2022,-,Universities,Universidades,canada/UNIVERSITIES.csv,UNIVERSITIES
Scientific European ,https://toot.community/@ScientificEuropean,https://www.scientificeuropean.co.uk/,Global,Multi,-,-,07/11/2022	,-,"Scientific institutes, societies and journals","Institutos, sociedades y revistas científicas",global/SCI_INSTITUTES_JOURNALS_SOCIETIES.csv,SCI_INSTITUTES_JOURNALS_SOCIETIES
Society for Glycobiology ,https://qoto.org/@SfG,https://www.glycobiology.org/,USA,English,-,-,07/11/2022	,-,"Scientific institutes, societies and journals","Institutos, sociedades y revistas científicas",united_states_of_america/SCI_INSTITUTES_JOURNALS_SOCIETIES.csv,SCI_INSTITUTES_JOURNALS_SOCIETIES
Stanford Law School,https://masto.ai/@stanfordlaw,https://law.stanford.edu/,USA,English,-,-,21/11/2022,-,Universities,Universidades,united_states_of_america/UNIVERSITIES.csv,UNIVERSITIES
Stiftung Datenschutz,https://social.bund.de/@DS_Stiftung,https://stiftungdatenschutz.org/,Germany,German,-,-,01/05/2021,-,Institutions,Instituciones,germany/INSTITUTIONS.csv,INSTITUTIONS
Stiftung EVZ,https://social.bund.de/@evzfoundation,https://www.stiftung-evz.de/,Germany,German,-,-,01/11/2022,-,Institutions,Instituciones,germany/INSTITUTIONS.csv,INSTITUTIONS
Sächsische DSB,https://social.bund.de/@sdb,https://www.saechsdsb.de/,Germany,German,-,-,01/08/2022,-,Institutions,Instituciones,germany/INSTITUTIONS.csv,INSTITUTIONS
Tactical Tech,https://mastodon.cc/@info_activism,https://tacticaltech.org/,Global,English,-,-,05/04/2017,-,Non profit organizations / Non Governmental Organizations,Organizaciones sin ánimo de lucro / Organizaciones no gubernamentales,global/NPO_NGO.csv,NPO_NGO
Taia Wang Research Group ,https://mstdn.science/@wanglab,https://profiles.stanford.edu/taia-wang,USA,English,-,-,07/11/2022	,-,Scientific research groups,Grupos de investigación científica,united_states_of_america/SCI_RESEARCH_GROUPS.csv,SCI_RESEARCH_GROUPS
Technisches Hilfswerk (THW),https://social.bund.de/@thw,https://www.thw.de/DE/Startseite/startseite_node.html,Germany,German,-,-,01/09/2022,-,Institutions,Instituciones,germany/INSTITUTIONS.csv,INSTITUTIONS
The Arabidopsis Information Resource (TAIR),https://genomic.social/@TAIR,https://www.arabidopsis.org/,USA,Englsih,https://www.phoenixbioinformatics.org/,Database of genetic and molecular biology data for the model higher plant Arabidopsis thaliana,16/11/2022,-,Science,Ciencia,united_states_of_america/SCIENCE.csv,SCIENCE
The Conversation AU,https://mastodon.social/@theconversationau,https://theconversation.com/au,Australia,English,-,-,18/11/2022,-,Scientific dissemination,Divulgación científica,australia/SCIENTIFIC_DISSEMINATION.csv,SCIENTIFIC_DISSEMINATION
The Conversation ES,https://newsie.social/@theconversationes,https://theconversation.com/es,Spain,Spanish,-,-,18/11/2022,-,Scientific dissemination,Divulgación científica,spain/SCIENTIFIC_DISSEMINATION.csv,SCIENTIFIC_DISSEMINATION
The Conversation NZ,https://mastodon.social/@theconversationau,https://theconversation.com/au,New Zealand,English,-,-,18/11/2022,-,Scientific dissemination,Divulgación científica,new_zealand/SCIENTIFIC_DISSEMINATION.csv,SCIENTIFIC_DISSEMINATION
The Conversation US,https://newsie.social/@TheConversationUS,https://theconversation.com/us,USA,English,-,-,04/11/2022,-,Scientific dissemination,Divulgación científica,united_states_of_america/SCIENTIFIC_DISSEMINATION.csv,SCIENTIFIC_DISSEMINATION
The Overhead Wire,https://sfba.social/@TheOverheadWire,http://theoverheadwire.com/,USA,English,https://usa.streetsblog.org/category/special-features/podcast/,Jeff Wood,11/05/2022,-,Podcast,Podcast,united_states_of_america/PODCAST.csv,PODCAST
The Prehistoric Society ,https://mastodonapp.uk/@PrehistoricSociety,www.prehistoricsociety.org,United Kingdom,English,-,-,26/11/2022	,-,"Scientific institutes, societies and journals","Institutos, sociedades y revistas científicas",united_kingdom/SCI_INSTITUTES_JOURNALS_SOCIETIES.csv,SCI_INSTITUTES_JOURNALS_SOCIETIES
The R Foundation,https://fosstodon.org/@R_Foundation,https://r-project.org/,Global,English,-,-,10/11/2022,-,Software,Software,global/SOFTWARE.csv,SOFTWARE
The Tor Project,https://mastodon.social/@torproject,https://torproject.org/,Global,Multi,-,-,03/04/2017,-,Non profit organizations / Non Governmental Organizations,Organizaciones sin ánimo de lucro / Organizaciones no gubernamentales,global/NPO_NGO.csv,NPO_NGO
The Translation Centre for the Bodies,https://social.network.europa.eu/@CDT,https://cdt.europa.eu/,European Union,Multi,-,-,01/04/2022,-,Institutions,Instituciones,european_union/INSTITUTIONS.csv,INSTITUTIONS
Thierry Breton,https://social.network.europa.eu/@EC_Commissioner_Breton,https://ec.europa.eu/commission/commissioners/2019-2024/breton_en,European Union,French / English,-,-,29/11/2022,-,Policy,Política,european_union/POLICY.csv,POLICY
Thunderbird,https://mastodon.online/@thunderbird,https://thunderbird.net/,Global,Multi,-,-,25/04/2022,-,Software,Software,global/SOFTWARE.csv,SOFTWARE
Toot!,https://mastodon.social/@tootapp,https://apps.apple.com/app/toot/id1229021451,Global,Multi,-,iOS App,14/08/2018,-,Software,Software,global/SOFTWARE.csv,SOFTWARE
Tootoise,https://mastodon.social/@tootoise,https://apps.apple.com/us/app/tootoise/id1465090190,Global,Multi,-,iOS App,07/02/2020,-,Software,Software,global/SOFTWARE.csv,SOFTWARE
Transnational Institute,https://mastodon.world/@transnationalinstitute,https://www.tni.org/,Global,English / Spanish,-,-,18/11/2022,-,Non profit organizations / Non Governmental Organizations,Organizaciones sin ánimo de lucro / Organizaciones no gubernamentales,global/NPO_NGO.csv,NPO_NGO
TU Braunschweig,https://wisskomm.social/@tubraunschweig,https://www.tu-braunschweig.de/,Germany,German,-,-,21/11/2022,-,Universities,Universidades,germany/UNIVERSITIES.csv,UNIVERSITIES
TU Chemnitz,https://mastodon.social/@tuchemnitz,https://www.tu-chemnitz.de/,Germany,German,-,-,12/05/2022,-,Universities,Universidades,germany/UNIVERSITIES.csv,UNIVERSITIES
TU Darmstadt,https://darmstadt.social/@TU,https://www.tu-darmstadt.de/,Germany,German,-,-,12/11/2022,-,Universities,Universidades,germany/UNIVERSITIES.csv,UNIVERSITIES
TU München,https://mastodon.social/@tu_muenchen,https://www.tum.de/,Germany,German,-,-,18/05/2022,-,Universities,Universidades,germany/UNIVERSITIES.csv,UNIVERSITIES
Tusky,https://mastodon.social/@Tusky,https://tusky.app/,Global,Multi,-,Android App,12/04/2017,-,Software,Software,global/SOFTWARE.csv,SOFTWARE
UC Berkeley School of Law,https://sfba.social/@berkeleylaw,https://www.law.berkeley.edu/,USA,English,-,-,06/11/2022,-,Universities,Universidades,united_states_of_america/UNIVERSITIES.csv,UNIVERSITIES
Uniklinikum Heidelberg,https://xn--baw-joa.social/@uniklinikum_hd,https://www.klinikum.uni-heidelberg.de/,Germany,German,-,-,28/11/2022,-,Universities,Universidades,germany/UNIVERSITIES.csv,UNIVERSITIES
University of Aberdeen,https://mastodon.scot/@uniofaberdeen,https://www.abdn.ac.uk/,United Kingdom,English,-,-,07/11/2022,-,Universities,Universidades,united_kingdom/UNIVERSITIES.csv,UNIVERSITIES
University of California Merced,https://mastodon.social/@universitymerce,https://graduatedivision.ucmerced.edu/,USA,English,-,-,22/09/2021,-,Universities,Universidades,united_states_of_america/UNIVERSITIES.csv,UNIVERSITIES
University of Limerick,https://mastodon.ie/@UL,https://www.ul.ie/,Ireland,English,-,-,07/11/2022,-,Universities,Universidades,ireland/UNIVERSITIES.csv,UNIVERSITIES
University of New Hampshire,https://mastodon.social/@uofnh,http://unh.edu/,USA,English,-,-,16/11/2022,-,Universities,Universidades,united_states_of_america/UNIVERSITIES.csv,UNIVERSITIES
University of Toronto,https://mstdn.social/@UTM,https://www.utoronto.ca/,Canada,English,-,-,04/11/2022,-,Universities,Universidades,canada/UNIVERSITIES.csv,UNIVERSITIES
Universität Bremen,https://wisskomm.social/@unibremen,https://www.uni-bremen.de/,Germany,German,-,-,22/11/2022,-,Universities,Universidades,germany/UNIVERSITIES.csv,UNIVERSITIES
Universität Freiburg,https://bonn.social/@unifreiburg@baw%C3%BC.social,https://uni-freiburg.de/,Germany,German,-,-,04/05/2021,-,Universities,Universidades,germany/UNIVERSITIES.csv,UNIVERSITIES
Universität Greifswald,https://mastodon.social/@unigreifswald,https://www.uni-greifswald.de/,Germany,German,-,-,25/06/2021,-,Universities,Universidades,germany/UNIVERSITIES.csv,UNIVERSITIES
Universität Hohenheim,https://bonn.social/@unihohenheim@baw%C3%BC.social,https://www.uni-hohenheim.de/,Germany,German,-,-,28/04/2021,-,Universities,Universidades,germany/UNIVERSITIES.csv,UNIVERSITIES
Universität Jena,https://mastodon.social/@unijena,https://uni-jena.de/,Germany,German,-,Bot,27/01/2020,-,Universities,Universidades,germany/UNIVERSITIES.csv,UNIVERSITIES
Universität Kassel,https://mastodon.social/@unikassel,https://www.uni-kassel.de/,Germany,German,-,-,17/11/2022,-,Universities,Universidades,germany/UNIVERSITIES.csv,UNIVERSITIES
Universität Konstanz,https://bonn.social/@unikonstanz@baw%C3%BC.social,https://uni.kn/,Germany,German,-,-,02/05/2022,-,Universities,Universidades,germany/UNIVERSITIES.csv,UNIVERSITIES
Universität Mannheim,https://bonn.social/@unimannheim@baw%C3%BC.social,https://www.uni-mannheim.de/,Germany,German,-,-,04/04/2022,-,Universities,Universidades,germany/UNIVERSITIES.csv,UNIVERSITIES
Universität Oldenburg,https://wisskomm.social/@UniOldenburg,https://uol.de/,Germany,German,-,-,28/11/2022,-,Universities,Universidades,germany/UNIVERSITIES.csv,UNIVERSITIES
Universität Stuttgart,https://bonn.social/@Uni_Stuttgart@baw%C3%BC.social,https://www.uni-stuttgart.de/,Germany,German,-,-,09/05/2022,-,Universities,Universidades,germany/UNIVERSITIES.csv,UNIVERSITIES
Universität Tübingen,https://bonn.social/@unituebingen@baw%C3%BC.social,https://uni-tuebingen.de/,Germany,German,-,-,20/07/2021,-,Universities,Universidades,germany/UNIVERSITIES.csv,UNIVERSITIES
Universität Ulm,https://mastodon.social/@UniUlm,https://www.uni-ulm.de/,Germany,German,-,-,06/03/2020,-,Universities,Universidades,germany/UNIVERSITIES.csv,UNIVERSITIES
Universität zu Köln,https://wisskomm.social/@UniKoeln,https://www.uni-koeln.de/,Germany,German,-,-,21/11/2022,-,Universities,Universidades,germany/UNIVERSITIES.csv,UNIVERSITIES
Utrecht University,https://mastodon.online/@UtrechtUniversiteit,https://www.uu.nl/,Netherlands,Dutch,-,-,03/11/2022,-,Universities,Universidades,netherlands/UNIVERSITIES.csv,UNIVERSITIES
Vanesa Jiménez,https://mastodon.world/@vjimenez,https://ctxt.es/user/profile/vanesa,Spain,Spanish,-,-,18/11/2022,-,Journalists,Periodistas,spain/JOURNALISTS.csv,JOURNALISTS
VideoLAN,https://floss.social/@videolan,https://www.videolan.org/,Global,Multi,https://code.videolan.org/,-,03/11/2022,-,Software,Software,global/SOFTWARE.csv,SOFTWARE
Vivaldi,https://social.vivaldi.net/@Vivaldi,https://vivaldi.com/,Global,Multi,-,-,13/11/2022,-,Software,Software,global/SOFTWARE.csv,SOFTWARE
Víctor Olazábal,https://mastodon.world/@vic_olazabal,https://www.linkedin.com/in/victor-m-olaz%C3%A1bal-7734a1101,Spain,Spanish,-,-,18/11/2022,-,Journalists,Periodistas,spain/JOURNALISTS.csv,JOURNALISTS
Wales Governance Centre - CLlC,https://toot.wales/@WalesGovernance,https://www.cardiff.ac.uk/wales-governance-centre,United Kingdom,English,-,-,06/11/2022,-,Universities,Universidades,united_kingdom/UNIVERSITIES.csv,UNIVERSITIES
WBGU,https://social.bund.de/@wbgu,http://www.wbgu.de/,Germany,German,-,-,01/11/2022,-,Institutions,Instituciones,germany/INSTITUTIONS.csv,INSTITUTIONS
Willy Veleta,https://mastodon.world/@VeletaWilly,https://ctxt.es/user/profile/Willyveleta,Spain,Spanish,-,-,18/11/2022,-,Journalists,Periodistas,spain/JOURNALISTS.csv,JOURNALISTS
Wilson Ornithological Society ,https://ecoevo.social/@WilsonOrnithSoc,https://wilsonsociety.org/,Global,English,-,-,07/11/2022	,-,"Scientific institutes, societies and journals","Institutos, sociedades y revistas científicas",global/SCI_INSTITUTES_JOURNALS_SOCIETIES.csv,SCI_INSTITUTES_JOURNALS_SOCIETIES
Wirtschaft & Klimaschutz,https://social.bund.de/@BMWK,https://www.bmwk.de/Navigation/DE/Home/home.html,Germany,German,-,-,01/11/2022,-,Institutions,Instituciones,germany/INSTITUTIONS.csv,INSTITUTIONS
Yago Álvarez Barba,https://activism.openworlds.info/@EconoCabreado,https://www.elsaltodiario.com/autor/yago-alvarez,Spain,Spanish,-,Economista Cabreado,11/11/2022,-,Journalists,Periodistas,spain/JOURNALISTS.csv,JOURNALISTS
York University,https://mstdn.ca/@yorkuniversity,https://www.yorku.ca/,Canada,English,-,-,16/11/2022,-,Universities,Universidades,canada/UNIVERSITIES.csv,UNIVERSITIES
ZIF,https://social.bund.de/@ZIF,https://www.zif-berlin.org/,Germany,German,-,-,01/11/2022,-,Institutions,Instituciones,germany/INSTITUTIONS.csv,INSTITUTIONS
